{
    "roc_auc": 0.8523718762037114,
    "pr_auc": 0.12865103755012144,
    "recall": 0.8000125620249984,
}