,precision,recall,f1-score,support
No Sepsis,0.9785435612993477,0.9993391877637864,0.9888320510440516,1439138.0
Sepsis,0.24403815580286167,0.009641354186294832,0.018549848942598188,31842.0
accuracy,0.9779154033365511,0.9779154033365511,0.9779154033365511,0.9779154033365511
macro avg,0.6112908585511047,0.5044902709750406,0.5036909499933249,1470980.0
weighted avg,0.962643874613044,0.9779154033365511,0.9678285527780558,1470980.0
